{"cameraMode":{"drawMode":0,"name":"Shaded","section":"Shading Mode"},"sceneLighting":true,"audioPlay":false,"sceneViewState":{"m_AlwaysRefresh":false,"showFog":true,"showSkybox":true,"showFlares":true,"showImageEffects":true,"showParticleSystems":true,"showVisualEffectGraphs":true,"m_FxEnabled":false},"in2DMode":false,"pivot":{"x":0.12821537256240846,"y":1.6467669010162354,"z":11.223689079284668},"rotation":{"x":-0.08478764444589615,"y":0.08390773832798004,"z":0.007170196622610092,"w":0.9928547739982605},"size":3.9164488315582277,"orthographic":false}